{"bins":[1,10,100,1000,10000,100000,1000000],"counts":[8217,9774,15388,4816,544,39,3],"value":[2528.9094810722345,33852.81680127981,693799.274310093,1168261.3420938454,1839240.7717954724,958027.4872678542,1024930.1786126693],"total_dcr":5723497.758446543}