{"bins":[1,10,100,1000,10000,100000,1000000],"counts":[3607,10277,19595,2516,250,12,1],"value":[1060.479238390008,53541.44105701157,318510.65283515333,757466.8936999238,926628.47507075,272930.8790579631,203263.2650638],"total_dcr":2535748.589151691}