{"bins":[1,10,100,1000,10000,100000,1000000],"counts":[3767,5502,25529,2820,334,11,2],"value":[1163.6460281300147,25015.56256240995,598854.7554585204,829955.3391391638,1189132.8803114586,172538.4419206689,282549.4446894563],"total_dcr":3101699.9125257283}