{"bins":[1,10,100,1000,10000,100000,1000000],"counts":[6869,5699,14458,4641,408,25,4],"value":[2019.9444224222561,22421.137813390054,667148.2267411505,1106292.853665398,1436757.0452305928,597961.3849478442,1888040.1875414858],"total_dcr":5723497.758446543}