{"bins":[1,10,100,1000,10000,100000,1000000],"counts":[3914,5205,25862,2966,395,20,2],"value":[1270.8378229600178,21867.63080423006,715349.4824352757,874667.750315207,1341864.3232440492,387662.30907784856,312406.0632386828],"total_dcr":3657662.7628659126}