{"bins":[1,10,100,1000,10000,100000,1000000],"counts":[4077,5443,20725,2743,407,41,5],"value":[1400.3904456300115,23576.319080409925,741393.9428603463,785435.9142126448,1517291.7942758298,860200.3315782095,787641.5848343993],"total_dcr":4719550.309024724}