{"bins":[1,10,100,1000,10000,100000,1000000],"counts":[3901,5262,27608,3287,421,32,2],"value":[1222.022528560013,22893.641700829903,863163.9511325588,917421.8740830938,1480978.639894488,551787.663254281,354918.9101243218],"total_dcr":4194657.14439889}