{"bins":[1,10,100,1000,10000,100000,1000000],"counts":[3537,4350,19960,2495,310,30,7],"value":[1146.327738840022,19226.082098510153,714921.7395274062,702971.9582302616,1191218.2266742892,587668.9502148897,1499786.99280328],"total_dcr":4719550.309024724}