{"bins":[1,10,100,1000,10000,100000,1000000],"counts":[4625,6207,13294,2772,505,40,4],"value":[1635.593157300005,23377.14716041023,537999.5569490319,781654.4729414439,1878093.7146465473,1060172.182096169,944123.521213517],"total_dcr":5229750.745294671}