{"bins":[1,10,100,1000,10000,100000,1000000],"counts":[3555,5006,24783,2608,298,11,3],"value":[1063.8507200000092,23037.08338803996,573160.1710756058,761645.0209145182,1121100.388009799,173972.25831378892,445231.29768810625],"total_dcr":3101699.9125257283}