{"bins":[1,10,100,1000,10000,100000,1000000],"counts":[3501,6828,22942,2536,277,10,2],"value":[1089.8739623500092,32844.84055512954,470035.35257640365,751954.1523969553,1015029.6485625296,238219.33532906973,310771.4170630794],"total_dcr":2822347.6197197814}