{"bins":[1,10,100,1000,10000,100000,1000000],"counts":[3772,3919,12691,2686,380,27,6],"value":[1155.145495820019,16105.075136780126,521248.3184959726,744209.637095447,1447747.0102854588,729305.505793509,1767285.4958614348],"total_dcr":5229750.745294671}