{"bins":[1,10,100,1000,10000,100000,1000000],"counts":[3766,10514,20166,2610,258,9,1],"value":[1140.901357720007,54522.019719121796,340614.5940013481,782151.0126868822,937089.9243585899,214620.36883551322,203263.2650638],"total_dcr":2535748.589151691}