{"bins":[1,10,100,1000,10000,100000,1000000],"counts":[3642,7212,23600,2673,311,7,2],"value":[1165.2652113200138,34562.25124697933,491620.9570378209,797829.8095128718,1084384.91770398,106797.10023037996,303584.31950216944],"total_dcr":2822347.6197197814}