{"bins":[1,10,100,1000,10000,100000,1000000],"counts":[3639,4691,26948,3133,360,25,3],"value":[1105.3635701200178,20639.533613020067,838625.3931151951,865747.1192138514,1309723.4513249577,440344.4710063811,716201.3708746213],"total_dcr":4194657.14439889}