{"bins":[1,10,100,1000,10000,100000,1000000],"counts":[12037,8187,19910,4240,434,27,5],"value":[3330.884608623385,30974.686970659994,1081867.643645822,979853.0007681629,1495394.5549432505,781623.195159823,1827064.1296514566],"total_dcr":6202973.256878062}