{"bins":[1,10,100,1000,10000,100000,1000000],"counts":[3782,5184,26371,3187,418,27,2],"value":[1167.4778669000123,21967.150447899996,768971.5816085547,907827.2006366507,1410479.5958905497,480562.3296861894,336189.91257381445],"total_dcr":3929827.185995908}