{"bins":[1,10,100,1000,10000,100000,1000000],"counts":[5424,19136,10800,2426,261,4,1],"value":[1564.7986283200153,96582.5974883933,161682.81216562938,720242.3406082483,952231.468752299,96819.66216828818,212304.49374503],"total_dcr":2243711.8996297605}