{"bins":[1,10,100,1000,10000,100000,1000000],"counts":[5457,7766,13344,4379,537,38,3],"value":[1924.3698279900107,29100.97866226004,572706.3579848156,1111586.7171788593,1870334.8412727562,1035383.2745456675,854876.0598837949],"total_dcr":5478704.12830007}