{"bins":[1,10,100,1000,10000,100000,1000000],"counts":[17607,13921,21263,4469,527,35,4],"value":[5166.761400923432,48506.28918052987,1120624.1619263259,1055972.6986630016,1714317.3499286908,1103867.8067400828,1151653.0279082293],"total_dcr":6202973.256878062}