{"bins":[1,10,100,1000,10000,100000,1000000],"counts":[3073,26995,1822,2025,237,4,1],"value":[762.9019316999985,103050.29404730478,37110.25708287926,577811.5290433482,929691.4569086869,79064.23417756004,214927.00708368],"total_dcr":1944645.0384226092}