{"bins":[1,10,100,1000,10000,100000,1000000],"counts":[3480,4425,24183,3799,381,28,3],"value":[1080.061535060017,19745.646177610135,802318.7872111375,937042.6538107956,1315704.6451329084,520177.0472572505,859849.2789322718],"total_dcr":4458380.790794948}