{"bins":[1,10,100,1000,10000,100000,1000000],"counts":[3188,27129,1877,2057,241,2,1],"value":[811.9799721399966,103538.25549777425,39131.56303761913,586100.6088648875,944435.1101131468,53473.15570591003,214927.00708368],"total_dcr":1944645.0384226092}