{"bins":[1,10,100,1000,10000,100000,1000000],"counts":[14681,9616,20772,4043,447,31,5],"value":[4064.6946677733486,36300.54253515999,1276241.4303023494,1006313.5714386432,1545522.88245013,849496.2852902999,1892683.8598096175],"total_dcr":6613465.028806676}