{"bins":[1,10,100,1000,10000,100000,1000000],"counts":[20153,15212,22003,4317,533,39,4],"value":[6026.583750323479,52186.80702235,1207553.6210909819,1066260.4818900956,1715871.7287256094,1259404.4839701008,1126632.0725330713],"total_dcr":6436772.869227296}