{"bins":[1,10,100,1000,10000,100000,1000000],"counts":[9555,6633,18057,4167,434,27,5],"value":[2810.154008622259,25726.915003020033,924144.7939302298,956660.130887615,1537530.6745658126,722628.8081290526,1793129.9744580744],"total_dcr":5965460.095424822}