{"bins":[1,10,100,1000,10000,100000,1000000],"counts":[13139,11315,19133,4355,554,37,4],"value":[4095.5277514122217,39374.25841159972,954354.4448575983,1017420.0593358349,1869286.7872519726,1003688.4104723628,1074411.9629016358],"total_dcr":5965460.095424822}