{"bins":[1,10,100,1000,10000,100000,1000000],"counts":[3174,3274,12502,2126,349,33,5],"value":[933.2498509900139,13534.521219710101,527831.5567059444,628929.2793725982,1336075.8426648066,911302.724898856,1554981.240933906],"total_dcr":4976208.793115976}