{"bins":[1,10,100,1000,10000,100000,1000000],"counts":[3707,4985,24082,3140,364,12,2],"value":[1161.0036948200138,21318.816656730094,622792.6941795809,911310.5201829814,1296542.6337377692,234179.2896773201,292221.2703036535],"total_dcr":3382045.608878451}