{"bins":[1,10,100,1000,10000,100000,1000000],"counts":[21633,16262,22269,4295,508,40,4],"value":[6395.464932913496,56532.65066714989,1324347.1976795814,1086752.9750854145,1713044.2045686103,1244165.4426033197,1179385.3309569797],"total_dcr":6613465.028806676}