{"bins":[1,10,100,1000,10000,100000,1000000],"counts":[5294,18930,10496,2382,257,5,1],"value":[1512.5264386600131,95749.01635097322,152866.64456771358,706884.661662349,946759.9424693689,125350.88832211817,212304.49374503],"total_dcr":2243711.8996297605}