{"bins":[1,10,100,1000,10000,100000,1000000],"counts":[3759,4938,24874,3976,457,40,2],"value":[1190.9963085900133,21847.836212349936,829128.6117107186,995550.2882065717,1518685.5161107886,722855.7003747603,366659.1711332622],"total_dcr":4458380.790794948}