{"bins":[1,10,100,1000,10000,100000,1000000],"counts":[3504,4499,23496,2928,311,11,3],"value":[1072.8758442600156,19190.08754584006,603528.8580861201,835074.0609395391,1156469.9265066192,201920.03568953008,562270.3838209736],"total_dcr":3382045.608878451}