{"bins":[1,10,100,1000,10000,100000,1000000],"counts":[3664,4699,25276,2785,332,15,3],"value":[1158.092276510022,19801.723962280026,695602.4442633046,809909.077185975,1179258.5474688192,284327.30253301846,665031.2092483726],"total_dcr":3657662.7628659126}