{"bins":[1,10,100,1000,10000,100000,1000000],"counts":[4389,4457,12158,4161,395,24,4],"value":[1340.7706666000154,17791.846622660145,536941.9644567696,1041088.115905604,1423881.3212051166,696888.2330503775,1757980.347449035],"total_dcr":5478704.12830007}