{"bins":[1,10,100,1000,10000,100000,1000000],"counts":[13752,8837,20592,4073,453,31,5],"value":[3792.9736547433645,32986.7507228701,1166528.4388902117,986265.756808129,1521315.4895452396,885504.4597539012,1837541.9096074488],"total_dcr":6436772.869227296}