{"bins":[1,10,100,1000,10000,100000,1000000],"counts":[3616,4654,25819,3022,359,21,3],"value":[1110.3701256600184,20010.077986910088,749652.4068177856,851614.8664570287,1247612.8235427903,364130.1530747096,693034.5507056941],"total_dcr":3929827.185995908}