{"bins":[1,10,100,1000,10000,100000,1000000],"counts":[3533,4696,12862,2223,462,46,4],"value":[1063.3882839100127,17425.82862354016,538521.5701864517,676092.0925366838,1711132.5553221465,1162489.1022664062,866863.8784276668],"total_dcr":4976208.793115976}